<?xml version="1.0" ?>
<addon id="plugin.video.alluc.api" name="Alluc" provider-name="DudeHere" version="1.2.10">
    <requires>
        <import addon="xbmc.python" version="2.1.0"/>
        <import addon="script.module.dudehere.routines"/>
    </requires>
    <extension library="default.py" point="xbmc.python.pluginsource">
        <provides>video</provides>
    </extension>
    <extension point="xbmc.addon.metadata">
        <platform>all</platform>
        <summary>I want my All-You-See!</summary>
        <description>Turns kodi into an instant free on-demand media-center. Browse and play movies and series found all over the internet.</description>
        <news>Last Version That Dudehere Did</news>
    </extension>
</addon>